schedule,serial,kind,code,raw,description,igst
I,3,omitted,,,[Omitted],
I,4,omitted,,,[Omitted],
I,5,omitted,,,[Omitted,
I,6,omitted,,,[Omitted],
I,18,excluded_code,050790,0507 [Except 050790],"Ivory, tortoise-shell, whalebone and whalebone hair, horns, unworked or simply prepared but not cut to shape; powder and waste of these products.",5.0
I,22,unparsed,,7,"Herb, bark, dry plant, dry root, commonly known as jaribooti and dry flower",5.0
I,23,omitted,,,[Omitted],
I,24,omitted,,,[Omitted],
I,33A,omitted,,,[Omitted],
I,44,excluded_code,09101110,"0910 [other than 0910 11 10, 0910 30 10]","Ginger other than fresh ginger, saffron, turmeric (curcuma) other than fresh turmeric, thyme, bay leaves, curry and other spices",5.0
I,44,excluded_code,09103010,"0910 [other than 0910 11 10, 0910 30 10]","Ginger other than fresh ginger, saffron, turmeric (curcuma) other than fresh turmeric, thyme, bay leaves, curry and other spices",5.0
I,60,omitted,,,[Omitted],
I,78,excluded_code,14049010,"1404 [other than 1404 90 10, 1404 90 40, 1404 90 50] [1404 90 60","Vegetable products not elsewhere specified or included such as, Cotton linters, Soap nuts, Hard seeds, pips, hulls and nuts, of a kind used primarily for carving, Rudraksha seeds [other than bidi wrapper leaves (tendu), betel leaves, Indian katha, coconut shell, unworked",5.0
I,78,excluded_code,14049040,"1404 [other than 1404 90 10, 1404 90 40, 1404 90 50] [1404 90 60","Vegetable products not elsewhere specified or included such as, Cotton linters, Soap nuts, Hard seeds, pips, hulls and nuts, of a kind used primarily for carving, Rudraksha seeds [other than bidi wrapper leaves (tendu), betel leaves, Indian katha, coconut shell, unworked",5.0
I,78,excluded_code,14049050,"1404 [other than 1404 90 10, 1404 90 40, 1404 90 50] [1404 90 60","Vegetable products not elsewhere specified or included such as, Cotton linters, Soap nuts, Hard seeds, pips, hulls and nuts, of a kind used primarily for carving, Rudraksha seeds [other than bidi wrapper leaves (tendu), betel leaves, Indian katha, coconut shell, unworked",5.0
I,123,excluded_code,25151210,"[2515 (Except 2515 12 10, 2515 12 20, 2515 12 90) or 6802","Ecaussine and other calcareous monumental or building stone alabaster [other than marble and travertine], other than mirror polished stone which is ready to use",5.0
I,123,excluded_code,25151220,"[2515 (Except 2515 12 10, 2515 12 20, 2515 12 90) or 6802","Ecaussine and other calcareous monumental or building stone alabaster [other than marble and travertine], other than mirror polished stone which is ready to use",5.0
I,123,excluded_code,25151290,"[2515 (Except 2515 12 10, 2515 12 20, 2515 12 90) or 6802","Ecaussine and other calcareous monumental or building stone alabaster [other than marble and travertine], other than mirror polished stone which is ready to use",5.0
I,124,excluded_code,25161100,"2516 [Except 2516 11 00, 2516 12 00]","Porphyry, basalt, sandstone and other monumental or building stone, whether or not roughly trimmed or merely cut, by sawing or otherwise, into blocks or slabs of a rectangular (including square) shape.",5.0
I,124,excluded_code,25161200,"2516 [Except 2516 11 00, 2516 12 00]","Porphyry, basalt, sandstone and other monumental or building stone, whether or not roughly trimmed or merely cut, by sawing or otherwise, into blocks or slabs of a rectangular (including square) shape.",5.0
I,138,omitted,,,Omitted,
I,139,omitted,,,Omitted,
I,140,omitted,,,Omitted,
I,141,omitted,,,Omitted,
I,142,omitted,,,Omitted,
I,143,omitted,,,Omitted,
I,144,omitted,,,Omitted,
I,145,omitted,,,Omitted,
I,146,omitted,,,Omitted,
I,147,omitted,,,Omitted,
I,148,omitted,,,Omitted,
I,163,omitted,,,Omitted,
I,180,any_chapter,,30 or any Chapter,"Drugs or medicines including their salts and esters and diagnostic test kits, specified in List 1 appended to this Schedule",5.0
I,186B,unparsed,,386,Bio-diesel supplied to Oil Marketing Companies for blending with High Speed Diesel,5.0
I,187,omitted,,,Omitted,
I,197A,omitted,,,Omitted,
I,197B,omitted,,,Omitted,
I,197C,omitted,,,Omitted,
I,197D,omitted,,,Omitted,
I,197E,omitted,,,Omitted,
I,224,excluded_code,63053200,"63 [other than 6305 32 00, 6309]","Other made up textile articles, sets, of sale value not exceeding Rs. 1000 per piece",5.0
I,224,excluded_code,6309,"63 [other than 6305 32 00, 6309]","Other made up textile articles, sets, of sale value not exceeding Rs. 1000 per piece",5.0
I,225,omitted,,,Omitted,
I,,omitted,,,Omitted,
I,,omitted,,,Omitted,
I,,omitted,,,Omitted,
I,,omitted,,,Omitted,
I,230,omitted,,,Omitted,
I,232,omitted,,,Omitted,
I,233,omitted,,,Omitted,
I,234,omitted,,,Omitted,
I,234A,omitted,,,Omitted,
I,234C,omitted,,,Omitted,
I,235,omitted,,,[Omitted],
I,236,omitted,,,[Omitted],
I,237,omitted,,,[Omitted],
I,238,omitted,,,[Omitted],
I,239,omitted,,,[Omitted],
I,240,omitted,,,[Omitted],
I,241,omitted,,,[Omitted],
I,242,omitted,,,[Omitted],
I,243B,any_chapter,,88 or Any other chapter,"Scientific and technical instruments, apparatus, equipment, accessories, parts, components, spares, tools, mock ups and modules, raw material and consumables required for launch vehicles and satellites and payloads",5.0
I,252,any_chapter,,Any chapter,"Parts of goods of headings 8901, 8902, 8904, 8905, 8906, 8907",5.0
I,254,any_chapter,,90 or any other Chapter,Artificial kidney,5.0
I,256,any_chapter,,90 or any other Chapter,"Parts of the following goods, namely:- (i) Crutches; (ii) Wheel chairs; (iii) Walking frames; (iv) Tricycles; (v) Braillers; and (vi) Artificial limbs",5.0
I,257,any_chapter,,90 or any other Chapter,"Assistive devices, rehabilitation aids and other goods for disabled, specified in List 3 appended to this Schedule",5.0
I,260,excluded_code,96031000,9603 other than 9603 10 00,"Broomsticks [other than brooms consisting of twigs or other vegetable materials bound together, with or without handles",5.0
I,263A,any_chapter,,Any Chapter,"Rosaries, prayer beads or Hawan samagri",5.0
I,264,omitted,,,Omitted,
II,2,omitted,,,[Omitted],
II,3,omitted,,,[Omitted],
II,4,omitted,,,[Omitted],
II,5,omitted,,,[Omitted],
II,6,omitted,,,[Omitted],
II,7,omitted,,,[Omitted],
II,8,omitted,,,[Omitted],
II,9,omitted,,,[Omitted],
II,10,omitted,,,[Omitted],
II,49,omitted,,,Omitted,
II,57B,omitted,,,Omitted,
II,66,omitted,,,[Omitted],
II,67,omitted,,,[Omitted],
II,68,omitted,,,[Omitted],
II,69,omitted,,,[Omitted],
II,70,omitted,,,[Omitted],
II,71,omitted,,,[Omitted],
II,80AA,omitted,,,[Omitted],
II,86,omitted,,,[Omitted],
II,87,omitted,,,[Omitted],
II,88,omitted,,,[Omitted],
II,92,any_chapter,,44 or any Chapter,"The following goods, namely: — a. Cement Bonded Particle Board; b. Jute Particle Board; c. Rice Husk Board; d. Glass-fibre Reinforced Gypsum Board (GRG) e. Sisal-fibre Boards; f. Bagasse Board; and g. Cotton Stalk Particle Board h. Particle/fibre board manufactured from agricultural crop residues",12.0
II,102,omitted,,,[Omitted],
II,103,omitted,,,[Omitted],
II,104,omitted,,,[Omitted],
II,111,omitted,,,Omitted,
II,120,omitted,,,Omitted,
II,122,omitted,,,[Omitted],
II,126,omitted,,,[Omitted],
II,127,omitted,,,[Omitted],
II,128,omitted,,,[Omitted],
II,129,omitted,,,[Omitted],
II,130,omitted,,,[Omitted],
II,131,omitted,,,[Omitted],
II,132,omitted,,,[Omitted],
II,140,omitted,,,[Omitted],
II,147,omitted,,5801,[Omitted],
II,152,omitted,,,[Omitted],
II,171,excluded_code,6309,63 other than 6309,"Other made up textile articles, sets of sale value exceeding Rs. 1000 per piece [other than Worn clothing and other worn articles; rags",12.0
II,171A,omitted,,,[Omitted],
II,177,omitted,,,[Omitted],
II,187,omitted,,,Omitted,
II,188,omitted,,,Omitted,
II,189,omitted,,,Omitted,
II,192,omitted,,,Omitted,
II,193,omitted,,,Omitted,
II,195,omitted,,,Omitted,
II,198,omitted,,,Omitted,
II,202,omitted,,,[Omitted],
II,203,omitted,,,[Omitted],
II,205,omitted,,,Omitted,
II,206,omitted,,,[Omitted],
II,212,any_chapter,,90 or any other Chapter,Blood glucose monitoring system (Glucometer) and test strips,12.0
II,213,any_chapter,,90 or any other Chapter,Patent Ductus Arteriousus / Atrial Septal Defect occlusion device,12.0
II,217,omitted,,,Omitted,
II,221,omitted,,,Omitted,
II,226,omitted,,,Omitted,
II,227,omitted,,,Omitted,
II,232,omitted,,,Omitted,
II,242,omitted,,,[Omitted],
II,243,omitted,,,[Omitted],
II,6*,unparsed,,4503 90 90 4504 90,Art ware of cork [including articles of sholapith],12.0
III,1,omitted,,,[Omitted],
III,10,omitted,,,[Omitted],
III,13,excluded_code,19012000,1901 [other than 1901 20 00],"Malt extract, food preparations of flour, groats, meal, starch or malt extract, not containing cocoa or containing less than 40% by weight of cocoa calculated on a totally defatted basis, not elsewhere specified or included; food preparations of goods of heading 0401 to 0404, not containing cocoa or containing less than 5% by weight of cocoa calculated on a totally defatted basis not elsewhere specified or included [other than mixes and doughs for the preparation of bakers’ wares of heading 1905]",18.0
III,14,omitted,,,[Omitted],
III,15,excluded_code,19041020,1904 [other than 1904 10 20],"All goods i.e. Corn flakes, bulgar wheat, prepared foods obtained from cereal flakes [other than Puffed rice, commonly known as Muri, flattened or beaten rice, commonly known as Chira, parched rice, commonly known as khoi, parched paddy or rice coated with sugar or gur, commonly known as Murki",18.0
III,18,omitted,,,[Omitted],
III,19,omitted,,,[Omitted],
III,20,omitted,,,[Omitted],
III,27.,omitted,,,[Omitted],
III,41,omitted,,,[Omitted],
III,55,omitted,,,[Omitted],
III,73,omitted,,,[Omitted],
III,99,omitted,,,[Omitted],
III,102,omitted,,,[Omitted],
III,125,omitted,,,[Omitted],
III,126,omitted,,,[Omitted],
III,127,omitted,,,[Omitted],
III,128,omitted,,,[Omitted],
III,129,omitted,,,[Omitted],
III,130,omitted,,,[Omitted],
III,138,any_chapter,,44 or any Chapter,"Resin bonded bamboo mat board, with or without veneer in between",18.0
III,139,any_chapter,,44 or any Chapter,Bamboo flooring tiles,18.0
III,140,omitted,,,[Omitted],
III,142,omitted,,,[Omitted],
III,143,omitted,,,[Omitted],
III,144,omitted,,,[Omitted],
III,146,excluded_code,48062000,"4806 [Except 4806 20 00, 4806 40 10]","Vegetable parchment, tracing papers and other glazed transparent or translucent papers, in rolls or sheets (other than greaseproof paper, glassine paper)",18.0
III,146,excluded_code,48064010,"4806 [Except 4806 20 00, 4806 40 10]","Vegetable parchment, tracing papers and other glazed transparent or translucent papers, in rolls or sheets (other than greaseproof paper, glassine paper)",18.0
III,152,excluded_code,481730,4817 [Except 4817 30],"Envelopes, letter cards, plain postcards and correspondence cards, of paper or paperboard; [other than boxes, pouches, wallets and writing compendiums, of paper or paperboard, containing an assortment of paper stationery including writing blocks]",18.0
III,158,omitted,,,[Omitted,
III,164,omitted,,,[Omitted],
III,165,omitted,,,[Omitted],
III,186,omitted,,,[Omitted],
III,187,omitted,,,[Omitted],
III,188,omitted,,,[Omitted],
III,,no_code,,,,18.0
III,320,excluded_code,841912,8419 other than 8419 12,"Machinery, plant or laboratory equipment, whether or not electrically heated (excluding furnaces, ovens and other equipment of heading 8514), for the treatment of materials by a process involving a change of temperature such as heating, cooking, roasting, distilling, rectifying, sterilising, pasteurising, steaming, drying, evaporating, vaporising, condensing or cooling, other than machinery or plant of a kind used for domestic purposes; instantaneous or storage water heaters, non-electric [other than Solar water heater and system]",18.0
III,323,excluded_code,84221100,"8422 20 00, 8422 30 00, 8422 40 00, 842290 other than 8422 11 00,8422 19 00","Machinery for cleaning or drying bottles or other containers; machinery for filling, closing, sealing or labelling bottles, cans, boxes, bags or other containers; machinery for capsuling bottles, jars, tubes and similar containers; other packing or wrapping machinery (including heat- shrink wrapping machinery); machinery for aerating beverages [other than dish washing machines]",18.0
III,323,excluded_code,84221900,"8422 20 00, 8422 30 00, 8422 40 00, 842290 other than 8422 11 00,8422 19 00","Machinery for cleaning or drying bottles or other containers; machinery for filling, closing, sealing or labelling bottles, cans, boxes, bags or other containers; machinery for capsuling bottles, jars, tubes and similar containers; other packing or wrapping machinery (including heat- shrink wrapping machinery); machinery for aerating beverages [other than dish washing machines]",18.0
III,410.,omitted,,,[Omitted],
III,435A,excluded_code,94011000,9401 [other than 9401 10 00],"Seats (other than those of heading 9402), whether or not convertible into beds, and parts thereof [other than seats of a kind used for aircraft]",18.0
III,443,excluded_code,96031000,9603 [other than 9603 10 00],"Brushes (including brushes constituting parts of machines, appliances or vehicles), hand operated mechanical floor sweepers, not motorised, mops and feather dusters; prepared knots and tufts for broom or brush making; paint pads and rollers; squeegees (other than roller squeegees) [other than brooms and brushes, consisting of twigs or other vegetable materials bound together, with or without handles]",18.0
III,446,omitted,,,[Omitted],
III,452P,any_chapter,,Any Chapter,Permanent transfer of Intellectual Property (IP) right,18.0
III,452Q,any_chapter,,Any Chapter,"Supply of any goods other than capital goods and cement falling under chapter heading 2523 in the first schedule to the Customs Tariff Act, 1975 (51 of 1975), by an unregistered person to a promoter for construction of the project on which tax is payable by the promoter as recipient of goods under sub- section 4 of section 9 of the Central Goods and Services Tax Act, 2017 (12 of 2017), as prescribed in notification No. 07 / 2019- Central Tax (Rate), dated 29th March, 2019, published in Gazette of India vide G.S.R. No. _, dated 29th March, 2019 Explanation. For the purpose of this entry,– (i) the term “promoter” shall have the same meaning as assigned to it in in clause (zk) of section 2 of the Real Estate (Regulation and Development) Act, 2016 (16 of 2016). (ii) “project” shall mean a Real Estate Project (REP) or a Residential Real Estate Project (RREP). (iii) the term “Real Estate Project (REP)” shall have the same meaning as assigned to it in in clause (zn) of section 2 of the Real Estate (Regulation and Development) Act, 2016 (16 of 2016). (iv) “Residential Real Estate Project (RREP)” shall mean a REP in which the carpet area of the commercial apartments is not more than 15 per cent. of the total carpet area of all the apartments in the REP. (v) This entry is to be taken to apply to all goods which satisfy the conditions prescribed herein, even though they may be covered by a more specific chapter/ heading/ sub heading or tariff item elsewhere in this notification",18.0
III,453,any_chapter,,Any Chapter,"Goods which are not specified in Schedule I, II, IV, V or VI",18.0
IV,2,omitted,,,[Omitted],
IV,3,omitted,,,[Omitted],
IV,4,omitted,,,[Omitted],
IV,5,omitted,,,[Omitted],
IV,6,omitted,,,[Omitted],
IV,7,omitted,,,[Omitted],
IV,8,omitted,,,[Omitted],
IV,9,omitted,,,[Omitted],
IV,11,omitted,,,[Omitted],
IV,16,omitted,,,[Omitted],
IV,17,omitted,,,[Omitted],
IV,19,omitted,,,[Omitted],
IV,20,omitted,,,[Omitted],
IV,21,omitted,,,[Omitted],
IV,22,omitted,,,[Omitted],
IV,23,omitted,,,[Omitted],
IV,24,omitted,,,[Omitted],
IV,25,omitted,,,[Omitted],
IV,26,omitted,,,[Omitted],
IV,27,omitted,,,[Omitted],
IV,28,omitted,,,[Omitted],
IV,29,omitted,,,[Omitted],
IV,30,omitted,,,[Omitted],
IV,31,omitted,,,[Omitted],
IV,32,omitted,,,[Omitted],
IV,33,omitted,,,[Omitted],
IV,34,omitted,,,[Omitted],
IV,35,omitted,,,[Omitted],
IV,36,omitted,,,[Omitted],
IV,37,omitted,,,[Omitted],
IV,38,omitted,,,[Omitted],
IV,39,omitted,,,[Omitted],
IV,40,omitted,,,[Omitted],
IV,41,omitted,,,[Omitted],
IV,42,omitted,,,[Omitted],
IV,43,omitted,,,[Omitted],
IV,44,omitted,,,[Omitted],
IV,45,omitted,,,[Omitted],
IV,47,omitted,,,[Omitted],
IV,48,omitted,,,[Omitted],
IV,49,omitted,,,[Omitted],
IV,50,omitted,,,[Omitted],
IV,51,omitted,,,[Omitted],
IV,52,omitted,,,[Omitted],
IV,53,omitted,,,[Omitted],
IV,54,omitted,,,[Omitted],
IV,55,omitted,,,[Omitted],
IV,56,omitted,,,[Omitted],
IV,57,omitted,,,[Omitted],
IV,58,omitted,,,[Omitted],
IV,59,omitted,,,[Omitted],
IV,60,omitted,,,[Omitted],
IV,61,omitted,,,[Omitted],
IV,62,omitted,,,[Omitted],
IV,63,omitted,,,[Omitted],
IV,64,omitted,,,[Omitted],
IV,65,omitted,,,[Omitted],
IV,66,omitted,,,[Omitted],
IV,67,omitted,,,[Omitted],
IV,68,omitted,,,[Omitted],
IV,69,omitted,,,[Omitted],
IV,70,omitted,,,[Omitted],
IV,71,omitted,,,[Omitted],
IV,72,omitted,,,[Omitted],
IV,73,omitted,,,[Omitted],
IV,74,omitted,,,[Omitted],
IV,75,omitted,,,[Omitted],
IV,76,omitted,,,[Omitted],
IV,77,omitted,,,[Omitted],
IV,78,omitted,,,[Omitted],
IV,79,omitted,,,[Omitted],
IV,80,omitted,,,[Omitted],
IV,81,omitted,,,[Omitted],
IV,82,omitted,,,[Omitted],
IV,83,omitted,,,[Omitted],
IV,84,omitted,,,[Omitted],
IV,85,omitted,,,[Omitted],
IV,86,omitted,,,[Omitted],
IV,87,omitted,,,[Omitted],
IV,88,omitted,,,[Omitted],
IV,89,omitted,,,[Omitted],
IV,90,omitted,,,[Omitted],
IV,91,omitted,,,[Omitted],
IV,92,omitted,,,[Omitted],
IV,93,omitted,,,[Omitted],
IV,94,omitted,,,[Omitted],
IV,95,omitted,,,[Omitted],
IV,96,omitted,,,[Omitted],
IV,97,omitted,,,[Omitted],
IV,98,omitted,,,[Omitted],
IV,99,omitted,,,[Omitted],
IV,100,omitted,,,[Omitted],
IV,101,omitted,,,[Omitted],
IV,102,omitted,,,[Omitted],
IV,103,omitted,,,[Omitted],
IV,104,omitted,,,[Omitted],
IV,105,omitted,,,[Omitted],
IV,106,omitted,,,[Omitted],
IV,107,omitted,,,[Omitted],
IV,108,omitted,,,[Omitted],
IV,109,omitted,,,[Omitted],
IV,110,omitted,,,[Omitted],
IV,111,omitted,,,[Omitted],
IV,112,omitted,,,[Omitted],
IV,113,omitted,,,[Omitted],
IV,118,omitted,,,[Omitted],
IV,120,omitted,,,[Omitted],
IV,121,omitted,,,[Omitted],
IV,123,omitted,,,[Omitted],
IV,124,omitted,,,[Omitted],
IV,125,omitted,,,[Omitted],
IV,126,omitted,,,[Omitted],
IV,127,omitted,,,[Omitted],
IV,128,omitted,,,[Omitted],
IV,129,omitted,,,[Omitted],
IV,130,omitted,,,[Omitted],
IV,131,omitted,,,[Omitted],
IV,132,omitted,,,[Omitted],
IV,133,omitted,,,[Omitted],
IV,134,omitted,,,[Omitted],
IV,135,omitted,,,[Omitted],
IV,136,omitted,,,[Omitted],
IV,137,omitted,,,[Omitted],
IV,138,omitted,,,[Omitted],
IV,140,omitted,,,[Omitted],
IV,141,omitted,,,[Omitted],
IV,142,omitted,,,[Omitted],
IV,144,omitted,,,[Omitted],
IV,145,omitted,,,[Omitted],
IV,146,omitted,,,[Omitted],
IV,147,omitted,,,[Omitted],
IV,148,omitted,,,[Omitted],
IV,149,omitted,,,[Omitted],
IV,150,omitted,,,[Omitted],
IV,151,omitted,,,[Omitted],
IV,152,omitted,,,[Omitted],
IV,153,omitted,,,[Omitted],
IV,155,omitted,,,[Omitted],
IV,156,omitted,,,[Omitted],
IV,157,omitted,,,[Omitted],
IV,158,omitted,,,[Omitted],
IV,159,omitted,,,[Omitted],
IV,160,omitted,,,[Omitted],
IV,161,omitted,,,[Omitted],
IV,162,omitted,,,[Omitted],
IV,163,omitted,,,[Omitted],
IV,167,omitted,,,[Omitted],
IV,171,omitted,,,[Omitted],
IV,172,omitted,,,[Omitted],
IV,175,omitted,,,[Omitted],
IV,178,omitted,,,[Omitted],
IV,179,omitted,,,[Omitted],
IV,180,omitted,,,[Omitted],
IV,181,omitted,,,[Omitted],
IV,182,omitted,,,[Omitted],
IV,183,omitted,,,[Omitted],
IV,184,omitted,,,[Omitted],
IV,185,omitted,,,[Omitted],
IV,186,omitted,,,[Omitted],
IV,187,omitted,,,[Omitted],
IV,188,omitted,,,[Omitted],
IV,189,omitted,,,[Omitted],
IV,190,omitted,,,[Omitted],
IV,191,omitted,,,[Omitted],
IV,192,omitted,,,[Omitted],
IV,193,omitted,,,[Omitted],
IV,194,omitted,,,[Omitted],
IV,195,omitted,,,[Omitted],
IV,196,omitted,,,[Omitted],
IV,197,omitted,,,[Omitted],
IV,198,omitted,,,[Omitted],
IV,199,omitted,,,[Omitted],
IV,200,omitted,,,[Omitted],
IV,201,omitted,,,[Omitted],
IV,202,omitted,,,[Omitted],
IV,203,omitted,,,[Omitted],
IV,204,omitted,,,[Omitted],
IV,205,omitted,,,[Omitted],
IV,206,omitted,,,[Omitted],
IV,207,omitted,,,[Omitted],
IV,208,omitted,,,[Omitted],
IV,209,omitted,,,[Omitted],
IV,211,omitted,,,[Omitted],
IV,212,omitted,,,[Omitted],
IV,213,omitted,,,[Omitted],
IV,214,omitted,,,[Omitted],
IV,215,omitted,,,[Omitted],
IV,216,omitted,,,[Omitted],
IV,217,omitted,,,[Omitted],
IV,218,omitted,,,[Omitted],
IV,219,omitted,,,[Omitted],
IV,220,omitted,,,[Omitted],
IV,221,omitted,,,[Omitted],
IV,222,omitted,,,[Omitted],
IV,224,omitted,,,[Omitted],
IV,225,omitted,,,[Omitted],
IV,226,omitted,,,[Omitted],
IV,228,any_chapter,,Any chapter,Lottery,28.0
IV,229,any_chapter,,Any Chapter,"Actionable claim in the form of chance to win in betting, gambling, or horse racing in race club",28.0
V,2,omitted,,,[Omitted],
V,3,omitted,,,[Omitted],
V,4,omitted,,,[Omitted],
